"ID","Description","GeneRatio","BgRatio","pvalue","p.adjust","qvalue","geneID","Count"
"eco00970","Aminoacyl-tRNA biosynthesis","8/30","111/1713",0.00042552502875857,0.0127657508627571,0.0127657508627571,"948337/945161/947209/946503/948682/948339/945338/947198",8
